,Model,Accuracy,F1 Score
0,50ms Multi-Class,0.9394452402656596,0.9418342009695052
1,100ms Multi-Class,0.950253939315015,0.9496214180921388
2,500ms Multi-Class,0.940096366714416,0.941067031856078
3,50ms Binary,0.9640578200286496,0.96590066716086
4,100ms Binary,0.9608021877848678,0.9627429137269463
5,500ms Binary,0.9579372314103399,0.9599702565373651
