,Model,Accuracy,F1 Score
0,50ms Multi-Class,0.9467378564917307,0.9440182056910412
1,100ms Multi-Class,0.9475192082302383,0.9446817931350756
2,500ms Multi-Class,0.9476494335199895,0.9468849542439717
3,50ms Binary,0.96718322698268,0.9685314685314685
4,100ms Binary,0.9580674567000912,0.9605392156862745
5,500ms Binary,0.9634066935798932,0.964975694877228
