,Model,Accuracy,F1 Score
0,50ms Multi-Class,0.9413986196119286,0.9389387495346329
1,100ms Multi-Class,0.9238182054955072,0.9245361711717521
2,500ms Multi-Class,0.9429613230889439,0.9422845168480347
3,50ms Binary,0.9608021877848678,0.9617971823835513
4,100ms Binary,0.9303294699830708,0.9296885267446445
5,500ms Binary,0.9472587576507357,0.9481101857783472
